INSERT INTO CustomerInformation (CustomerID, CustomerName , CustomerBirthYear, CustomerPhone, CustomerEmail)
VALUES (1,'Odysseus', '1990-04-01', 15026487428, 'IthacaBoy@aol.com'),
(2, 'Theseus', '1985-02-18', 15022227428, 'MinataurMangler@gmail.com'),
(3, 'Mopsus', '1970-03-02', 18123334533, 'IonianBro@gmail.com'),
(4, 'Ajax', '1990-03-02', 12124567844, 'TelemonianDude@gmail.com'),
(5, 'Clytemnestra', '1983-03-12', 12024527844, 'HusbandKillingLady@hotmail.com'),
(6, 'Ideomenos','1971-01-23', 15024567844, 'DaKingOfCrete@hotmail.com'),
(7, 'Cassandra', '1970-11-02', 17154567844, 'WhyDontNoOneListen@hotmail.com'),
(8, 'Andromache', '1985-03-17', 12121537844, 'HectorsWife@hotmail.com'),
(9, 'Atalanta', '1981-12-01', 15554567844,'HuntingHeroine@hotmail.com'),
(10, 'Penelope','1970-03-02', 14324567844, 'SuperLoyalWife@hotmail.com'),
(11, 'Hipponax','1971-06-07', 12124566766, 'TheOriginalEminem@aol.com'),
(12, 'Sappho', '1991-03-01', 10654567844, 'PoetLady@hotmail.com'),
(13, 'Nestor', '1993-03-25', 13144567844, 'WiseGuy@hotmail.com');


INSERT INTO CustomerInformation(CustomerID, CustomerName , CustomerBirthYear, CustomerPhone, CustomerEmail)
Values(14, 'Polynikes', '1983-02-02', 1-222-459-7844, 'MessingWithThebes@hotmail.com'),
(15, 'Crito', '1983-01-19', 1-412-453-3844, 'SocratesFriend@hotmail.com'),
(16, 'Pentheus', '1986-03-19', 1-555-456-7844,'MessedWithBacchus@hotmail.com'),
(17, 'Horatius Cocles','1950-03-08', 1-502-456-7814, 'MilvianBridgeGuy@hotmail.com'),
(18, 'Remus','1963-05-02', 1-812-358-6766, 'MyBrotherSucks@aol.com'),
(19, 'Corinna', '1964-07-02', 1-065-456-7844, 'ThebanPoetess@hotmail.com'),
(20, 'Orpheus', '1979-03-02', 1-812-456-6329, 'HarpPlayinGuy@hotmail.com');

INSERT INTO AddOns (AddOnID, AddOnName, ID, Price)
VALUES(1, 'Lemon Bars', 1, 2.50),
(2, 'Tiramasu', 2, 3.50),
(3, 'Fresh Pugliese Loaf', 3, 4.00),
(4, 'Humus with Pita Bread', 2,  4.50),
(5, 'Athenian Chicken', 3, 7.50),
(6, 'Gyro', 5.50, 3),
(7, 'Girlouk', 5.00, 1),
(8, 'House Red Wine: Glass', 3.50, 8),
(9, 'House White Wine: Glass', 3.50, 4),
(10, 'House Red Wine: Bottle', 8.50, 1),
(11, 'House White Wine: Bottle', 7.50, 11),
(12, 'Bacon and Eggs', 6.00, 12),
(13, 'Veggie Omlet', 6.50, 17),
(14, 'Orange Juice', 0.50, 15),
(15, 'Black Coffee', 1.00, 14),
(16, 'Dates', 1.00, 12),
(17, 'Figs', 1.00, 10),
(18, 'Nothing', 0, 11);

INSERT INTO RoomType(RoomTypeID, RateType, Amenities, RoomOccupancy)
VALUES('Regina', 'Seasonal', 'none', 1),
('Duo Regina', 'Seasonal', 'Free bottle of red wine', 2),
('Rex', 'Seasonal', 'Free pugliesse loaf', 2),
('Duo Reges', 'Seasonal', 'Free Dates', 4),
('Imperator', 'Seasonal', 'Free Lemon Bars', 6),
( 'Regina', 'Out Of Season', 'none', 1),
( 'Duo Regina', 'Out of Season', 'Free Bottle of White Wine', 2),
( 'Rex', 'Out of Season', 'Free pugliesse loaf', 2),
( 'Duo Reges', 'Out of Season', 'Free Figs', 4),
('Imperator', 'Out of Season', 'Free Tiramasu', 6),
( 'Regina', 'Seasonal','none', 1),
( 'Duo Regina', 'Seasonal','Free bottle of red wine', 2),
( 'Rex', 'Seasonal', 'Free Athenian Chicken meal', 2),
( 'Duo Reges', 'Seasonal', 'Free Dates and Figs', 4),
( 'Imperator', 'Seasonal', 'Free Red Wine Evening', 6),
( 'Regina', 'Out Of Season', 'none', 1),
( 'Duo Regina', 'Out of Season', 'Figs', 2),
( 'Rex', 'Out of Season', 'Whole Tiramasu Cake', 2),
( 'Duo Reges', 'Out of Season', 'Free Girlouk Entire Stay', 4),
( 'Imperator', 'Out of Season', 'Fine Vintage Red Wine Bottle', 6);

INSERT INTO RoomRate(RoomRateID, RoomTypeID, Season, RateItself)
Values(1, 'Regina','Peak Rate',  1000.00),
(2, 'Duo Regina','Peak Rate',  1200.00),
(3, 'Rex','Peak Rate',  1400.00),
(4, 'Duo Reges','Peak Rate', 1600.00),
(5, 'Imperator','Peak Rate', 1900.00),
(6, 'Regina','Slow Rate',  800.00),
(7, 'Duo Regina','Slow Rate',  1000.00),
(8, 'Rex','Slow Rate',  1200.00),
(9, 'Duo Reges','Slow Rate',  1400.00),
(10, 'Imperator','Slow Rate',  1600.00),
(11, 'Regina','Peak Rate',  1000.00),
(12, 'Duo Regina','Peak Rate',  1200.00),
(13, 'Rex','Peak Rate',  1400.00),
(14, 'Duo Reges','Peak Rate',  1600.00),
(15, 'Imperator','Peak Rate',  1900.00),
(16, 'Regina','Event Rate',  1200.00),
(17, 'Duo Regina','Event Rate', 1400.00),
(18,'Rex','Event Rate',  1600.00),
(19, 'Duo Reges','Event Rate', 1800.00),
(20, 'Imperator','Event Rate',  2000.00);


INSERT INTO RoomInformation(RoomID, RoomTypeID, RoomRateID, BedSize, RoomOccupancy)
VALUES(1, 'Regina', 1, 'Queen', 1),
(2,  'Duo Regina', 2, 'Queen', 2),
(3, 'Rex', 3, 'King', 2),
(4,  'Duo Rex', 4, 'King', 4),
(5,  'Imperator', 5, 'King Plus', 6),
(6, 'Regina', 6, 'Queen', 1),
(7, 'Duo Regina', 7, 'Queen', 1),
(8, 'Rex', 8, 'Queen', 2),
(9, 'Duo Rex', 9, 'King', 4),
(10, 'Imperator', 10, 'Queen', 1),
(11, 'Regina', 11, 'King', 4),
(12, 'Duo Regina', 12, 'King', 4),
(13, 'Rex', 13, 'Queen', 2),
(14, 'Duo Rex', 14, 'Queen', 2),
(15, 'Imperator', 15, 'Queen', 1),
(16, 'Regina', 16, 'Queen', 1),
(17, 'Duo Regina', 17, 'Queen', 1),
(18, 'Rex', 18, 'Queen', 1),
(19, 'Duo Rex', 19, 'Queen', 1),
(20, 'Imperator', 20, 'Queen', 1);

INSERT INTO Reservation (ReservationID, CustomerID, RoomID, ReservationName, StayDate, StayLengthDays)
VALUES (1, 1, 1, 'Odysseus', '2018-03-12', 4),
(2, 2, 1, 'Theseus', '2018-03-12', 1),
(3, 3, 1, 'Mopsus', '2018-03-12', 2),
(4, 4, 2, 'Ajax', '2018-04-08', 4),
(5, 5, 2, 'Clytemnestra', '2018-11-04', 6),
(6, 6, 3, 'Ideomenos','2018-03-12', 2),
(7, 7, 4, 'Cassandra', '2018-11-04', 8),
(8, 8, 1, 'Andromache', '2018-11-04', 4),
(9, 9, 1, 'Atalanta', '2018-07-04', 3),
(10, 10, 1, 'Penelope','2018-04-01', 2),
(11, 11, 1, 'Hipponax','2018-04-10', 10),
(12, 12, 1, 'Sappho', '2018-04-12', 2),
(13, 13, 1, 'Nestor', '2018-05-06', 1),
(14, 14, 1, 'Polynikes', '2018-04-11', 3),
(15, 15, 2, 'Crito', '2018-04-11', 4),
(16, 16, 5, 'Pentheus', '2018-04-17', 3),
(17, 17, 5, 'Horatius Cocles','2018-04-12', 5),
(18, 18, 1,'Remus','2018-09-09', 1),
(19, 19, 2, 'Corinna', '2018-03-02', 8),
(20, 20, 2, 'Orpheus', '2018-02-12', 9);

INSERT INTO RoomInformation_Has_Reservation (RoomID, ReservationID)
VALUES(1, 1),
(2, 2),
(3, 3),
(4, 4),
(5, 5),
(6, 6),
(7, 7),
(8, 8),
(9, 9),
(10, 10),
(11, 11),
(12, 12),
(13, 13),
(14, 15),
(15, 15),
(16, 16),
(17, 17),
(18, 18),
(19, 19),
(20, 20);

INSERT INTO Promotions (PromotionID, PromotionName, PromotionDateStart, PromotionDateEnd, FlatRate, PercentageRate)
VALUES(1, 'Saturnalia', '2018-12-17', '2018-12-24', 50.00, NULL),
(2, 'Feast of Minerva', '2018-03-19', '2018-03-20', NULL, 0.10),
(3, 'Volturnalia','2018-08-27', '2018-08-28',  NULL, 0.15),
(4, 'Sol Invictus', '2018-12-25', '2018-12-26', 50, NULL),
(5, 'none', NULL , NULL, 0, 0);


INSERT INTO Bill(BillID, ReservationID, PromotionID, TaxInfo, Total)
VALUES(1, 1, 5, 1, 1800),
(2, 2, 5, 1, 1700),
(3, 3, 5, 3, 5000),
(4, 4, 2, 1, 7000),
(5, 5, 5, 2, 9000),
(6, 6, 5, 2, 6000),
(7, 7, 5, 5, 7500),
(8, 8, 5, 4, 1111),
(9, 9, 5, 7, 4300),
(10, 10, 5, 2, 3400),
(11, 11, 5, 4, 20000),
(12, 12, 5, 2, 2900),
(13, 13, 5, 1, 18100),
(14, 14, 5, 2, 5000),
(15, 15, 5, 2, 3400),
(16, 16, 1, 3, 13000),
(17, 17, 5, 3, 11000),
(18, 18, 5, 18, 5000),
(19, 19, 5, 3, 920),
(20, 20, 5, 18, 1000);


INSERT INTO Bill_Details(TheTabID, BillID, ID, Cleaning, LateCheckout)
VALUES (1, 1, 1, 20, 40), 
(2, 2, 2, 20, 0),
(3, 3, 3, 20, 0),
(4, 4, 4, 20, 40),
(5, 5, 5, 20, 0),
(6, 6, 6 , 20, 0),
(7, 7, 7, 20, 40),
(8, 8, 8, 20, 0),
(9, 9, 9, 20, 3),
(10, 10, 10, 20, 0),
(11, 11, 11, 20, 40),
(12, 12, 12, 20, 0),
(13, 13, 13, 20, 0),
(14, 14, 14, 20, 0),
(15, 15, 15, 20, 0),
(16, 16, 16, 20, 40),
(17, 17, 17, 20, 0),
(18, 18, 18, 20, 0),
(19, 19, 18, 20, 0),
(20, 20, 18, 20, 20);

INSERT INTO Addons_to_Bill_Details(ID, TheTabID, AddOnID)
VALUES(1, 1, 18),
(2, 2, 18),
(3, 3, 17),
(4, 4, 2),
(5, 5, 4),
(6, 6, 5),
(7, 7, 18),
(8, 8, 18),
(9, 9, 18),
(10, 10, 18),
(11, 11, 18),
(12, 12, 18),
(13, 13, 4),
(14, 15, 4),
(15, 15, 1),
(16, 16, 2),
(17, 17, 8),
(18, 18, 9),
(19, 19, 10),
(20, 20, 11);

INSERT INTO Hotel (HotelID, Rooms, Floors, Location)
VALUES('Alpha', 25, 2, 'Tusculum'),
('Beta', 20, 1, 'Utica'),
('Gamma', 50, 3, 'Mutina'),
('Delta', 12, 1, 'Arpinum'),
('Episilon', 23, 2, 'Rome');